動画タイトル説明,動画タイトルテキストエリア1,動画タイトルテキストエリア2,動画場面1説明,動画場面1テキストエリア1,動画場面1テキストエリア2,動画場面2説明,動画場面2テキストエリア1,動画場面2テキストエリア2,動画場面3説明,動画場面3テキストエリア1,動画場面3テキストエリア2,投稿のテキスト,ハッシュタグ
if(Tech)ロゴとタイトル表示,学力日本一,東成瀬村発の教育革命,パソコンに向かう子どもの写真,マイクラで楽しく,プログラミング学習,マインクラフト画面のスクリーンショット,子どもたちが,夢中になる瞬間,笑顔の子どもたちの写真,全国の地方へ,オンラインでお届け,"全国の地方にお住まいの皆様へ
学力日本一の東成瀬村で生まれた
最先端プログラミング教育が
オンラインで全国の地方に届きます！

マインクラフトの世界で楽しく学びましょう",#学力日本一東成瀬村 #地方教育革命 #マインクラフト教育 #オンライン学習
if(Tech)のAI技術紹介画面,最新AI技術で,学びが変わる,AI画像認識のデモ画像,画像から,マイクラ建築物を一瞬で生成,建築物が瞬時に完成するマインクラフト画面,AI技術で,3Dオブジェクト自動生成,完成した建築物と驚く子どもの表情,最新技術を体験できる,if(Tech)だけの特別システム,"画像からマイクラ建築物を一瞬で生成！

AI技術で3Dオブジェクト自動生成
写真を撮るだけで一瞬建築

想像が現実になる瞬間を
一緒に体験しませんか？",#AI建築 #自動生成 #最新技術体験 #驚きの技術
保護者の悩みに共感する表情,ゲームばかりで,将来が心配?,ゲームばかりしていた子どもの様子,好きなことが,学びに変わる,マインクラフトで建築する同じ子どもの集中した表情,創造力が,開花する瞬間,完成作品を誇らしげに発表する子ども,将来の仕事に,つながる力へ,"地方の保護者あるあるですよね
「ゲームばかりで将来が心配...」

でも地方だからこそ！
その「好き」を「未来の仕事」に変える
学力日本一の教育メソッドがあります",#地方保護者あるある #好きを仕事に #将来の仕事 #子どもの可能性
if(Tech)実績紹介画面,500人以上の,子どもたちが成長,0から500へのカウンターアニメーション,確かな実績,信頼の証明,生徒作品群が連続表示される画面,完全初心者から,アプリ開発者へ,成長データのグラフ表示,全国コンテスト,入賞者も多数,"学力日本一の東成瀬村から
全国500人以上の子どもたちに届けてきました

・完全初心者 → アプリ開発者
・地方の子 → 全国コンテスト入賞

数字が証明する確かな実績！
次はあなたのお子さんの番です",#指導実績500人 #成長データ #コンテスト入賞 #確かな実績
if(Tech)の地域ビジョン,人口2500人の村から,世界へ挑戦,東成瀬村の田園風景,学力日本一の村から,世界へ,オンライン授業へのトランジション映像,田園風景から,オンライン授業へ,世界地図上の生徒作品ピンが表示される画面,秋田から世界へ,過疎化を可能性に変える,"学力日本一の村から世界へ
人口わずか2500人の東成瀬村が
全国の地方に最先端教育を届ける

オンライン技術で距離は関係なし！
過疎化？いいえ、可能性の宝庫です",#人口2500人の挑戦 #地方から世界へ #過疎化を可能性に #オンライン技術
緊急告知バナー,満席間近！,今すぐお申し込みを,申込み数カウンターアニメーション,予想以上に,殺到しています,席数の残りを視覚的に表示する画面,今週満席/来週残り3席,再来週残り7席,「残り○席」が点滅するテキスト,先着順のため,お早めに！,"緊急告知！
無料体験授業の申込みが
予想以上に殺到しています

📅 今週：満席
📅 来週：残り3席
📅 再来週：残り7席

先着順のため、お早めに！",#緊急告知 #体験授業 #満席間近 #先着順
if(Tech)ロゴとカウントダウン,オープンまで,あと2週間！,デジタル時計風カウントダウン表示,準備万端で,お迎えします,教室準備の舞台裏映像,カリキュラム完成,講師研修完了,オープン記念特典準備の様子,オープン記念特典も,準備中,"if(Tech)オープンまであと2週間！

✅ カリキュラム完成
✅ 講師研修完了
🔄 最終テスト中...
🎁 オープン記念特典準備中

万全の準備でお迎えします！",#オープンカウントダウン #準備完了 #記念特典 #2週間後スタート
if(Tech)独自システム紹介,目標宣言部屋で,学習意欲アップ,目標宣言部屋のスクリーンショット,if(Tech)だけの,特別な仕組み,AI画像認識システムのデモンストレーション,画像→3D変換,一瞬で建築物出現,建築物が完成して喜ぶ子どもの表情,目的を持った学習,挫折しない仕組み,"if(Tech)だけの特別な仕組み

✅ 目標宣言部屋で明確な目標設定
✅ AI画像認識で3D建築物自動生成
✅ 一瞬で完成する驚きの技術

目標があるから続けられる！
挫折しない学習システムです",#目標宣言部屋 #独自システム #AI技術 #挫折しない学習
学習フロー図解,30秒でわかる,if(Tech)の学習,目標宣言部屋での目標設定場面,目標設定,建築作業へ,建築作業に取り組む子どもたち,建築作業,発表と達成感,完成作品の発表シーンと達成感あふれる笑顔,最初に目標を宣言するから,ゴールが明確で挫折しにくい,"if(Tech)の学習の流れを30秒で！

1️⃣ 目標設定
2️⃣ 建築作業
3️⃣ 発表
4️⃣ 達成感

最初に目標を宣言するから
ゴールが見えて続けられる！

一人ひとりの成長が見える化されます",#学習の流れ #目標設定 #達成感 #見える化
達成の瞬間コンピレーション,子どもたちの,最高の笑顔,「やったー！」と喜ぶ子どもたちの瞬間,目標を達成した瞬間の,表情コンピレーション,一人ひとりの達成の瞬間をクローズアップ,一人ひとりの,達成の瞬間,みんなで喜び合う子どもたち,みんなで喜び合う,達成感が次への意欲に,"子どもたちが目標を達成した瞬間の
表情コンピレーション

「やったー！」の瞬間
一人ひとりの達成の感動

この笑顔が私たちの
何よりの喜びです

達成感が次への意欲を生み出します！",#目標達成 #子どもの笑顔 #達成感 #成長の瞬間
AI技術解説イラスト,AIの仕組みを,わかりやすく,AIが画像を認識する仕組みの解説画面,AI画像認識の,仕組みを解説,写真から3D建築物への変換過程,写真→AI認識,3Dモデル自動生成,マインクラフト内建築の完成場面,一瞬で完成,最新技術を身近に,"AIの力で何ができる？
画像認識の仕組みを
わかりやすく解説します！

1️⃣ 写真を撮る
2️⃣ AIが認識・分析
3️⃣ 3Dモデル自動生成
4️⃣ 一瞬でマイクラに建築

最新技術を身近に体験できます",#AI技術 #画像認識 #最新技術 #未来の学習
講師による目標設定サポート,親子で共有する,夢と目標,効果的な目標設定の方法を説明する講師,効果的な,目標設定の方法,SMART目標の立て方のデモンストレーション,SMART目標で,具体的で測定可能に,親子で目標を共有する温かい場面,親子で共有する夢,目標達成の喜びを分かち合う,"効果的な目標設定の方法
子どもの意欲を引き出す声かけのコツ

✅ 具体的で測定可能な目標
✅ 短期・中期・長期の計画
✅ 親子で共有する夢

目標設定から達成まで
丁寧にサポートします！",#目標設定 #親子で目標 #SMART目標 #サポート体制
日本の城建築プロジェクト,歴史を学びながら,建築技術も習得,マインクラフトの城建築作業場面,日本の城再現,歴史も学べる,城の細部再現作業の様子,大阪城・熊本城,姫路城を細部まで再現,完成した城と満足げな子どもたち,歴史の知識も,同時習得,"マインクラフトで日本の城再現
歴史を学びながら
建築技術も身につく一石二鳥の学習！

🏯 大阪城・熊本城・姫路城
📚 歴史の知識も同時習得
🔨 建築スキルの向上

遊びながら学ぶ最高の教材です！",#日本の城再現 #歴史学習 #一石二鳥 #遊びながら学習
プログラミング思考説明図,論理的思考力を,楽しく育成,プログラミング思考の説明図表示,プログラミング,思考力養成,if文とloop文の概念説明画面,順序立てて考える力,問題解決スキル,デバッグ(間違い探し)の様子,試行錯誤で学ぶ力,創造性と論理性の両立,"プログラミング思考力養成
論理的思考力を楽しく育てます！

✅ 順序立てて考える力
✅ 問題解決スキル
✅ アルゴリズム思考
✅ デバッグ能力

遊びながら身につく
21世紀型スキルです",#プログラミング思考 #論理的思考力 #21世紀型スキル #問題解解決能力
コマンドブロック画面,マイクラで学ぶ,プログラミング基礎,コマンドブロックでの仕組み作り,コマンド,プログラミング,コマンドブロック作品の動作デモ,コマンドブロックで,仕組み作り,完成したシステムが動く瞬間,作ったプログラムが,動いた！感動の瞬間,"コマンドプログラミングから始めよう

✅ コマンドブロックで基礎学習
✅ ゲームの中でプログラミング
✅ 本格的なコード記述へ
✅ プログラマーへの第一歩

楽しみながら本格的なスキルを習得！",#コマンドプログラミング #マインクラフト #プログラミング基礎 #コマンドブロック
オンライン発表会の様子,全国の仲間と,つながろう,月1回の作品発表会開催,オンライン交流,イベント,他地域の生徒とのコラボレーション作業,月1回の作品発表会,他地域とのコラボ,プログラミングコンテスト参加場面,オンライン文化祭,距離を超えた友情,"オンライン交流イベント
全国の仲間とつながろう！

🎉 月1回の作品発表会
🤝 他地域との共同プロジェクト
🏆 プログラミングコンテスト
🎪 オンライン文化祭

距離を超えた友情が芽生える場所です",#オンライン交流 #全国の仲間 #作品発表会 #距離を超えた友情
職業選択肢のイラスト,プログラミングで,広がる未来,ゲームクリエイターの仕事説明,将来の職業と,プログラミング,Webデザイナーの作品制作画面,ゲームクリエイター,Webデザイナー他,建築エンジニアの3D設計作業,建築エンジニア,選択肢は無限大,"将来の職業とプログラミング
IT業界以外でも活躍できる技術！

💼 ゲームクリエイター
🎨 Webデザイナー
📊 データサイエンティスト
🏗️ 建築エンジニア

選択肢は無限大！
あなたの可能性を広げます",#将来の職業 #プログラミングキャリア #可能性無限大 #夢を仕事に
保護者勉強会の様子,保護者も一緒に,学びましょう,家庭での声かけ方法を説明する画面,保護者向け,勉強会開催,プログラミング教育の最新動向解説,家庭での声かけ方法,最新動向を共有,質問・相談タイムの様子,子どもの将来設計,保護者同士のネットワーク,"保護者向け勉強会開催
子どもの学習を効果的にサポート！

💡 家庭での声かけ方法
📈 プログラミング教育の動向
🎯 子どもの将来設計
💬 質問・相談タイム

保護者の皆様も一緒に学びましょう",#保護者向け勉強会 #家庭サポート #教育情報 #保護者ネットワーク
ビフォー・アフター動画,1年間の成長を,動画で記録,1年間の成長をビフォー・アフター比較,成果発表,動画制作,作品制作プロセス公開画面,ビフォー・アフター比較,制作プロセス公開,生徒・保護者インタビューの感動場面,インタビュー形式,プロ並みの仕上がり,"成果発表動画制作
1年間の成長を動画で記録！

📹 ビフォー・アフター比較
🎬 作品制作プロセス公開
🎤 生徒・保護者インタビュー
✨ 感動的な編集仕上げ

成長の軌跡を永遠の記録として
お渡しします",#成果発表動画 #成長記録 #ビフォーアフター #感動の記録
業界のプロ講師紹介,業界のプロから,直接学ぶ,現役ゲームクリエイターの特別講演,特別講師,招待企画,AI研究者特別講演の様子,現役ゲームクリエイター,AI研究者特別講演,起業家トークセッションと質疑応答タイム,起業家トークセッション,将来への道筋が見える,"特別講師招待企画
業界のプロから直接学ぶ機会！

🎮 現役ゲームクリエイター
🤖 AI研究者特別講演
💼 起業家トークセッション
💬 直接質疑応答タイム

将来への道筋が見える
貴重な体験をお届けします！",#特別講師 #プロから学ぶ #業界の最前線 #将来への道筋
卒業生の活躍紹介,先輩たちの,輝く未来,プログラミング甲子園出場の先輩紹介,卒業生,進路報告会,難関大学情報学部合格の先輩,プログラミング甲子園,難関大学合格,IT企業内定獲得とゲーム会社起業の先輩たち,IT企業内定,ゲーム会社起業,"卒業生進路報告会
先輩たちの輝く未来を紹介！

🏆 プログラミング甲子園出場
🎓 難関大学情報学部合格
💼 IT企業内定獲得
🚀 ゲーム会社起業

未来は君たちの手の中！
先輩たちに続こう",#卒業生進路 #先輩の活躍 #輝く未来 #夢の実現
秘密基地プロジェクトタイトル,みんなで作る,夢の秘密基地,みんなでの秘密基地建築シーン,創造力と,チームワーク,建築中の協力作業,みんなで力を合わせて,一人ひとりのアイデアを形に,完成した秘密基地での記念撮影,世界に一つだけの,秘密基地完成,"みんなの夢の秘密基地完成

マインクラフトの中でみんなで力を合わせて建築！
一人ひとりのアイデアが詰まった
世界に一つだけの秘密基地

創造力とチームワークが
同時に育つ最高のプロジェクト！",#秘密基地 #チームワーク #創造力 #夢のプロジェクト
マイホーム設計図,設計から完成まで,計画性を育成,理想の家の設計図作成,理想の家,建築プロジェクト,コツコツと建築作業する様子,設計図作りから開始,コツコツと建築,完成した家での喜びの瞬間,夢の家が完成,想像力が現実に,"理想のマイホーム建築プロジェクト

📐 設計図作りから開始
🔨 コツコツと建築作業
🏡 夢の家がついに完成
✨ 想像力が現実になる瞬間

建築を通じて計画性と継続力を育成！",#マイホーム建築 #設計図 #計画性 #継続力
東成瀬村小学校外観,ふるさとを,デジタルで表現,東成瀬村小学校の実物写真,東成瀬村小学校,再現プロジェクト,細部まで忠実に再現する建築作業,母校を細部まで,忠実に再現,完成した学校での感動の瞬間,ふるさとへの愛着,デジタルでふるさとを,"東成瀬村小学校デジタル再現プロジェクト

🏫 母校を細部まで忠実に再現
👀 観察力と記憶力がアップ
❤️ ふるさとへの愛着が深まる
🌾 地域とのつながりを実感

デジタル技術でふるさとを表現！",#ふるさと再現 #東成瀬村 #地域愛 #観察力
東成瀬村役場外観,地域の中心を,再現しよう,東成瀬村役場の実物写真,東成瀬村役場,建築プロジェクト,役場建築の詳細作業,地域の中心,役場を再現,完成した役場での誇らしい表情,地域社会への理解,地域貢献への意欲,"東成瀬村役場建築プロジェクト

🏛️ 地域の中心となる役場を再現
📚 行政の役割も自然と学習
🌍 地域社会への理解が深まる
💪 将来の地域貢献への意欲

建築を通じて社会勉強もできる！",#役場建築 #地域社会 #社会勉強 #地域貢献
Discord画面イメージ,オンラインでも,安心のサポート,Discord画面での授業風景,Discordで,オンライン授業,画面共有でのサポート場面,画面共有で,講師が直接サポート,授業後のチャットサポート,授業後も,サポート継続,"Discordでオンライン授業

🎧 音声チャットでリアルタイム指導
🖥️ 画面共有で講師が直接サポート
💬 チャット機能で質問も簡単
📱 授業後もサポート継続

オンラインでも安心の学習環境！",#Discord #オンライン授業 #画面共有 #リアルタイムサポート
木曜日カレンダー表示,毎週木曜日,17:00開講,毎週木曜日17:00の授業開始場面,決まった時間で,習慣化,授業の流れ（挨拶→目標確認→建築→発表）,楽しい仲間と,一緒に学習,宿題なしでリラックスした子どもたち,宿題なし,負担軽く楽しく,"毎週木曜日17:00〜18:00開講

⏰ 決まった時間で習慣化
👫 楽しい仲間と一緒に学習
📝 宿題なしで負担軽く
⚡ 1時間集中で効果的学習

オンラインで全国どこからでも参加OK！",#毎週木曜日 #オンライン授業 #宿題なし #習慣化
ワールドツアータイトル,作品を見て回る,ワールドツアー,ワールドツアーで生徒作品を見学,みんなの作品を,見て回ろう,Aくんの秘密基地見学/Bさんのお城探検/Cくんの遊園地体験,秘密基地見学,お城・遊園地探検,作品説明でのプレゼン練習場面,自分の作品を自慢,発表力もアップ,"ワールドツアーで作品発表

🏰 みんなの秘密基地見学
🏯 お城やお屋敷を探検
🎡 遊園地で遊び体験
🎤 作品の説明もプレゼン練習

自分の作品を自慢して発表力もアップ！",#ワールドツアー #作品発表 #プレゼン練習 #発表力
コンテストトロフィー画像,学んだスキルを,実際に活用,プログラミングコンテスト参加場面,イベント参加で,実践経験,地域イベントでの作品展示,プログラミングコンテスト,地域イベント展示,作品販売体験の様子,作品販売で,ビジネス体験,"イベント参加で実践経験

🏆 プログラミングコンテスト参加
🎪 地域イベントで作品展示
💰 作品販売でビジネス体験
🌟 実社会でのスキル活用

学んだことを実際に活かす機会を提供！",#イベント参加 #コンテスト #ビジネス体験 #実践経験
卒業式会場イメージ,1年間の成長を,みんなで祝う,1年間の集大成発表会開催,学習の集大成,発表会,各自の最高傑作プレゼンテーション,各自の最高傑作,1年間の学習成果,修了証書授与と記念写真撮影,修了証書授与,新しいスタートへ,"学習の集大成・卒業式

🎓 1年間の学習成果を発表
🏆 各自の最高傑作お披露目
📜 修了証書授与式
📸 思い出の記念撮影

1年間の成長を祝福する特別な日！",#集大成発表会 #1年間の成長 #修了証書 #感謝の気持ち